,Time,Driver,DriverNumber,LapTime,LapNumber,Stint,PitOutTime,PitInTime,Sector1Time,Sector2Time,Sector3Time,Sector1SessionTime,Sector2SessionTime,Sector3SessionTime,SpeedI1,SpeedI2,SpeedFL,SpeedST,IsPersonalBest,Compound,TyreLife,FreshTyre,Team,LapStartTime,LapStartDate,TrackStatus,Position,Deleted,DeletedReason,FastF1Generated,IsAccurate
57,0 days 00:57:16.521000,LEC,16,,1.0,1.0,,,,0 days 00:00:43.164000,0 days 00:00:24.036000,,0 days 00:56:52.670000,0 days 00:57:16.671000,233.0,250.0,280.0,256.0,False,MEDIUM,1.0,True,Ferrari,0 days 00:55:34.907000,2025-04-13 15:03:49.174,1,4.0,False,,False,False
58,0 days 00:58:54.569000,LEC,16,98.048,2.0,1.0,,,0 days 00:00:31.404000,0 days 00:00:42.615000,0 days 00:00:24.029000,0 days 00:57:47.909000,0 days 00:58:30.524000,0 days 00:58:54.553000,223.0,250.0,282.0,289.0,True,MEDIUM,2.0,True,Ferrari,0 days 00:57:16.521000,2025-04-13 15:05:30.788,1,4.0,False,,False,True
59,0 days 01:00:33.032000,LEC,16,98.463,3.0,1.0,,,0 days 00:00:31.396000,0 days 00:00:42.837000,0 days 00:00:24.230000,0 days 00:59:25.949000,0 days 01:00:08.786000,0 days 01:00:33.016000,,257.0,283.0,300.0,False,MEDIUM,3.0,True,Ferrari,0 days 00:58:54.569000,2025-04-13 15:07:08.836,1,4.0,False,,False,True
60,0 days 01:02:11.305000,LEC,16,98.273,4.0,1.0,,,0 days 00:00:31.373000,0 days 00:00:42.588000,0 days 00:00:24.312000,0 days 01:01:04.389000,0 days 01:01:46.977000,0 days 01:02:11.289000,,256.0,281.0,297.0,False,MEDIUM,4.0,True,Ferrari,0 days 01:00:33.032000,2025-04-13 15:08:47.299,1,4.0,False,,False,True
61,0 days 01:03:49.732000,LEC,16,98.427,5.0,1.0,,,0 days 00:00:31.449000,0 days 00:00:42.592000,0 days 00:00:24.386000,0 days 01:02:42.738000,0 days 01:03:25.330000,0 days 01:03:49.716000,225.0,261.0,285.0,302.0,False,MEDIUM,5.0,True,Ferrari,0 days 01:02:11.305000,2025-04-13 15:10:25.572,1,4.0,False,,False,True
62,0 days 01:05:28.516000,LEC,16,98.784,6.0,1.0,,,0 days 00:00:31.149000,0 days 00:00:43.411000,0 days 00:00:24.224000,0 days 01:04:20.865000,0 days 01:05:04.276000,0 days 01:05:28.500000,,250.0,280.0,309.0,False,MEDIUM,6.0,True,Ferrari,0 days 01:03:49.732000,2025-04-13 15:12:03.999,1,4.0,False,,False,True
63,0 days 01:07:07.196000,LEC,16,98.68,7.0,1.0,,,0 days 00:00:31.431000,0 days 00:00:42.843000,0 days 00:00:24.406000,0 days 01:05:59.931000,0 days 01:06:42.774000,0 days 01:07:07.180000,,250.0,280.0,296.0,False,MEDIUM,7.0,True,Ferrari,0 days 01:05:28.516000,2025-04-13 15:13:42.783,1,4.0,False,,False,True
64,0 days 01:08:46.329000,LEC,16,99.133,8.0,1.0,,,0 days 00:00:31.654000,0 days 00:00:43.109000,0 days 00:00:24.370000,0 days 01:07:38.834000,0 days 01:08:21.943000,0 days 01:08:46.313000,223.0,251.0,281.0,,False,MEDIUM,8.0,True,Ferrari,0 days 01:07:07.196000,2025-04-13 15:15:21.463,1,4.0,False,,False,True
65,0 days 01:10:25.493000,LEC,16,99.164,9.0,1.0,,,0 days 00:00:31.658000,0 days 00:00:43.171000,0 days 00:00:24.335000,0 days 01:09:17.971000,0 days 01:10:01.142000,0 days 01:10:25.477000,225.0,250.0,280.0,303.0,False,MEDIUM,9.0,True,Ferrari,0 days 01:08:46.329000,2025-04-13 15:17:00.596,1,4.0,False,,False,True
66,0 days 01:12:04.374000,LEC,16,98.881,10.0,1.0,,,0 days 00:00:31.447000,0 days 00:00:43.104000,0 days 00:00:24.330000,0 days 01:10:56.924000,0 days 01:11:40.028000,0 days 01:12:04.358000,224.0,250.0,280.0,304.0,False,MEDIUM,10.0,True,Ferrari,0 days 01:10:25.493000,2025-04-13 15:18:39.760,1,3.0,False,,False,True
67,0 days 01:13:43.559000,LEC,16,99.185,11.0,1.0,,,0 days 00:00:31.466000,0 days 00:00:43.334000,0 days 00:00:24.385000,0 days 01:12:35.824000,0 days 01:13:19.158000,0 days 01:13:43.543000,,249.0,280.0,301.0,False,MEDIUM,11.0,True,Ferrari,0 days 01:12:04.374000,2025-04-13 15:20:18.641,1,3.0,False,,False,True
68,0 days 01:15:22.532000,LEC,16,98.973,12.0,1.0,,,0 days 00:00:31.473000,0 days 00:00:43.085000,0 days 00:00:24.415000,0 days 01:14:15.016000,0 days 01:14:58.101000,0 days 01:15:22.516000,229.0,253.0,281.0,303.0,False,MEDIUM,12.0,True,Ferrari,0 days 01:13:43.559000,2025-04-13 15:21:57.826,1,3.0,False,,False,True
69,0 days 01:17:01.253000,LEC,16,98.721,13.0,1.0,,,0 days 00:00:31.428000,0 days 00:00:42.848000,0 days 00:00:24.445000,0 days 01:15:53.944000,0 days 01:16:36.792000,0 days 01:17:01.237000,230.0,258.0,280.0,300.0,False,MEDIUM,13.0,True,Ferrari,0 days 01:15:22.532000,2025-04-13 15:23:36.799,1,2.0,False,,False,True
70,0 days 01:18:40.123000,LEC,16,98.87,14.0,1.0,,,0 days 00:00:31.531000,0 days 00:00:42.808000,0 days 00:00:24.531000,0 days 01:17:32.768000,0 days 01:18:15.576000,0 days 01:18:40.107000,229.0,257.0,279.0,294.0,False,MEDIUM,14.0,True,Ferrari,0 days 01:17:01.253000,2025-04-13 15:25:15.520,1,2.0,False,,False,True
71,0 days 01:20:18.979000,LEC,16,98.856,15.0,1.0,,,0 days 00:00:31.499000,0 days 00:00:42.940000,0 days 00:00:24.417000,0 days 01:19:11.606000,0 days 01:19:54.546000,0 days 01:20:18.963000,,256.0,278.0,,False,MEDIUM,15.0,True,Ferrari,0 days 01:18:40.123000,2025-04-13 15:26:54.390,1,1.0,False,,False,True
72,0 days 01:21:58.040000,LEC,16,99.061,16.0,1.0,,,0 days 00:00:31.637000,0 days 00:00:42.888000,0 days 00:00:24.536000,0 days 01:20:50.600000,0 days 01:21:33.488000,0 days 01:21:58.024000,,257.0,279.0,296.0,False,MEDIUM,16.0,True,Ferrari,0 days 01:20:18.979000,2025-04-13 15:28:33.246,1,1.0,False,,False,True
73,0 days 01:23:39.600000,LEC,16,101.56,17.0,1.0,,0 days 01:23:38.022000,0 days 00:00:31.569000,0 days 00:00:42.962000,0 days 00:00:27.029000,0 days 01:22:29.593000,0 days 01:23:12.555000,0 days 01:23:39.584000,231.0,257.0,,,False,MEDIUM,17.0,True,Ferrari,0 days 01:21:58.040000,2025-04-13 15:30:12.307,1,1.0,False,,False,False
74,0 days 01:25:37.417000,LEC,16,117.817,18.0,2.0,0 days 01:24:02.723000,,0 days 00:00:52.023000,0 days 00:00:42.088000,0 days 00:00:23.706000,0 days 01:24:31.607000,0 days 01:25:13.695000,0 days 01:25:37.401000,228.0,252.0,280.0,221.0,False,MEDIUM,1.0,True,Ferrari,0 days 01:23:39.600000,2025-04-13 15:31:53.867,1,4.0,False,,False,False
75,0 days 01:27:14.293000,LEC,16,96.876,19.0,2.0,,,0 days 00:00:30.963000,0 days 00:00:42.137000,0 days 00:00:23.776000,0 days 01:26:08.364000,0 days 01:26:50.501000,0 days 01:27:14.277000,226.0,245.0,280.0,298.0,True,MEDIUM,2.0,True,Ferrari,0 days 01:25:37.417000,2025-04-13 15:33:51.684,1,4.0,False,,False,True
76,0 days 01:28:51.499000,LEC,16,97.206,20.0,2.0,,,0 days 00:00:31.067000,0 days 00:00:42.377000,0 days 00:00:23.762000,0 days 01:27:45.344000,0 days 01:28:27.721000,0 days 01:28:51.483000,227.0,251.0,282.0,291.0,False,MEDIUM,3.0,True,Ferrari,0 days 01:27:14.293000,2025-04-13 15:35:28.560,1,4.0,False,,False,True
77,0 days 01:30:28.892000,LEC,16,97.393,21.0,2.0,,,0 days 00:00:31.197000,0 days 00:00:42.385000,0 days 00:00:23.811000,0 days 01:29:22.680000,0 days 01:30:05.065000,0 days 01:30:28.876000,,253.0,282.0,302.0,False,MEDIUM,4.0,True,Ferrari,0 days 01:28:51.499000,2025-04-13 15:37:05.766,1,4.0,False,,False,True
78,0 days 01:32:06.255000,LEC,16,97.363,22.0,2.0,,,0 days 00:00:31.076000,0 days 00:00:42.343000,0 days 00:00:23.944000,0 days 01:30:59.952000,0 days 01:31:42.295000,0 days 01:32:06.239000,226.0,254.0,282.0,305.0,False,MEDIUM,5.0,True,Ferrari,0 days 01:30:28.892000,2025-04-13 15:38:43.159,1,4.0,False,,False,True
79,0 days 01:33:43.921000,LEC,16,97.666,23.0,2.0,,,0 days 00:00:31.263000,0 days 00:00:42.373000,0 days 00:00:24.030000,0 days 01:32:37.502000,0 days 01:33:19.875000,0 days 01:33:43.905000,,257.0,289.0,302.0,False,MEDIUM,6.0,True,Ferrari,0 days 01:32:06.255000,2025-04-13 15:40:20.522,1,4.0,False,,False,True
80,0 days 01:35:21.934000,LEC,16,98.013,24.0,2.0,,,0 days 00:00:31.349000,0 days 00:00:42.594000,0 days 00:00:24.070000,0 days 01:34:15.254000,0 days 01:34:57.848000,0 days 01:35:21.918000,232.0,251.0,287.0,327.0,False,MEDIUM,7.0,True,Ferrari,0 days 01:33:43.921000,2025-04-13 15:41:58.188,1,4.0,False,,False,True
81,0 days 01:36:59.386000,LEC,16,97.452,25.0,2.0,,,0 days 00:00:31.003000,0 days 00:00:42.339000,0 days 00:00:24.110000,0 days 01:35:52.921000,0 days 01:36:35.260000,0 days 01:36:59.370000,231.0,246.0,281.0,310.0,False,MEDIUM,8.0,True,Ferrari,0 days 01:35:21.934000,2025-04-13 15:43:36.201,1,3.0,False,,False,True
82,0 days 01:38:36.862000,LEC,16,97.476,26.0,2.0,,,0 days 00:00:31.266000,0 days 00:00:42.274000,0 days 00:00:23.936000,0 days 01:37:30.636000,0 days 01:38:12.910000,0 days 01:38:36.846000,232.0,250.0,282.0,297.0,False,MEDIUM,9.0,True,Ferrari,0 days 01:36:59.386000,2025-04-13 15:45:13.653,1,3.0,False,,False,True
83,0 days 01:40:14.809000,LEC,16,97.947,27.0,2.0,,,0 days 00:00:31.317000,0 days 00:00:42.358000,0 days 00:00:24.272000,0 days 01:39:08.163000,0 days 01:39:50.521000,0 days 01:40:14.793000,230.0,259.0,281.0,,False,MEDIUM,10.0,True,Ferrari,0 days 01:38:36.862000,2025-04-13 15:46:51.129,1,3.0,False,,False,True
84,0 days 01:41:52.914000,LEC,16,98.105,28.0,2.0,,,0 days 00:00:31.487000,0 days 00:00:42.443000,0 days 00:00:24.175000,0 days 01:40:46.280000,0 days 01:41:28.723000,0 days 01:41:52.898000,231.0,253.0,282.0,295.0,False,MEDIUM,11.0,True,Ferrari,0 days 01:40:14.809000,2025-04-13 15:48:29.076,1,3.0,False,,False,True
85,0 days 01:43:30.695000,LEC,16,97.781,29.0,2.0,,,0 days 00:00:31.339000,0 days 00:00:42.247000,0 days 00:00:24.195000,0 days 01:42:24.237000,0 days 01:43:06.484000,0 days 01:43:30.679000,,256.0,281.0,298.0,False,MEDIUM,12.0,True,Ferrari,0 days 01:41:52.914000,2025-04-13 15:50:07.181,1,3.0,False,,False,True
86,0 days 01:45:08.314000,LEC,16,97.619,30.0,2.0,,,0 days 00:00:31.483000,0 days 00:00:42.092000,0 days 00:00:24.044000,0 days 01:44:02.162000,0 days 01:44:44.254000,0 days 01:45:08.298000,230.0,259.0,283.0,296.0,False,MEDIUM,13.0,True,Ferrari,0 days 01:43:30.695000,2025-04-13 15:51:44.962,1,3.0,False,,False,True
87,0 days 01:46:46.362000,LEC,16,98.048,31.0,2.0,,,0 days 00:00:31.441000,0 days 00:00:42.434000,0 days 00:00:24.173000,0 days 01:45:39.739000,0 days 01:46:22.173000,0 days 01:46:46.346000,232.0,252.0,281.0,274.0,False,MEDIUM,14.0,True,Ferrari,0 days 01:45:08.314000,2025-04-13 15:53:22.581,1,3.0,False,,False,True
88,0 days 01:48:37.478000,LEC,16,111.116,32.0,2.0,,0 days 01:48:35.804000,0 days 00:00:31.341000,0 days 00:00:45.608000,0 days 00:00:34.167000,0 days 01:47:17.687000,0 days 01:48:03.295000,0 days 01:48:37.462000,,101.0,,300.0,False,MEDIUM,15.0,True,Ferrari,0 days 01:46:46.362000,2025-04-13 15:55:00.629,14,3.0,False,,False,False
89,0 days 01:51:15.553000,LEC,16,,33.0,3.0,0 days 01:49:00.041000,,0 days 00:01:01.227000,0 days 00:01:01.565000,0 days 00:00:35.278000,0 days 01:49:38.798000,0 days 01:50:40.334000,0 days 01:51:15.626000,187.0,170.0,149.0,219.0,False,HARD,1.0,True,Ferrari,0 days 01:48:37.478000,2025-04-13 15:56:51.745,4,3.0,False,,False,False
90,0 days 01:53:35.264000,LEC,16,139.711,34.0,3.0,,,0 days 00:00:43.895000,0 days 00:01:01.616000,0 days 00:00:34.200000,0 days 01:51:59.432000,0 days 01:53:01.048000,0 days 01:53:35.248000,202.0,146.0,206.0,255.0,False,HARD,2.0,True,Ferrari,0 days 01:51:15.553000,2025-04-13 15:59:29.820,4,3.0,False,,False,False
91,0 days 01:56:00.842000,LEC,16,145.578,35.0,3.0,,,0 days 00:00:42.810000,0 days 00:01:00.946000,0 days 00:00:41.822000,0 days 01:54:18.058000,0 days 01:55:19.004000,0 days 01:56:00.826000,136.0,183.0,282.0,106.0,False,HARD,3.0,True,Ferrari,0 days 01:53:35.264000,2025-04-13 16:01:49.531,41,3.0,False,,False,False
92,0 days 01:57:36.974000,LEC,16,96.132,36.0,3.0,,,0 days 00:00:31.175000,0 days 00:00:41.388000,0 days 00:00:23.569000,0 days 01:56:32.001000,0 days 01:57:13.389000,0 days 01:57:36.958000,230.0,260.0,284.0,302.0,True,HARD,4.0,True,Ferrari,0 days 01:56:00.842000,2025-04-13 16:04:15.109,1,3.0,False,,False,True
93,0 days 01:59:13.298000,LEC,16,96.324,37.0,3.0,,,0 days 00:00:30.795000,0 days 00:00:41.870000,0 days 00:00:23.659000,0 days 01:58:07.753000,0 days 01:58:49.623000,0 days 01:59:13.282000,232.0,253.0,283.0,301.0,False,HARD,5.0,True,Ferrari,0 days 01:57:36.974000,2025-04-13 16:05:51.241,1,3.0,False,,False,True
94,0 days 02:00:49.440000,LEC,16,96.142,38.0,3.0,,,0 days 00:00:30.853000,0 days 00:00:41.566000,0 days 00:00:23.723000,0 days 01:59:44.135000,0 days 02:00:25.701000,0 days 02:00:49.424000,230.0,258.0,283.0,295.0,False,HARD,6.0,True,Ferrari,0 days 01:59:13.298000,2025-04-13 16:07:27.565,1,3.0,True,TRACK LIMITS AT TURN 13 LAP 38 ,False,True
95,0 days 02:02:25.638000,LEC,16,96.198,39.0,3.0,,,0 days 00:00:30.894000,0 days 00:00:41.559000,0 days 00:00:23.745000,0 days 02:01:20.318000,0 days 02:02:01.877000,0 days 02:02:25.622000,232.0,260.0,281.0,299.0,False,HARD,7.0,True,Ferrari,0 days 02:00:49.440000,2025-04-13 16:09:03.707,1,3.0,False,,False,True
96,0 days 02:04:01.918000,LEC,16,96.28,40.0,3.0,,,0 days 00:00:30.873000,0 days 00:00:41.741000,0 days 00:00:23.666000,0 days 02:02:56.495000,0 days 02:03:38.236000,0 days 02:04:01.902000,234.0,261.0,283.0,,False,HARD,8.0,True,Ferrari,0 days 02:02:25.638000,2025-04-13 16:10:39.905,1,3.0,False,,False,True
97,0 days 02:05:38.411000,LEC,16,96.493,41.0,3.0,,,0 days 00:00:30.927000,0 days 00:00:41.766000,0 days 00:00:23.800000,0 days 02:04:32.829000,0 days 02:05:14.595000,0 days 02:05:38.395000,233.0,260.0,282.0,301.0,False,HARD,9.0,True,Ferrari,0 days 02:04:01.918000,2025-04-13 16:12:16.185,1,3.0,False,,False,True
98,0 days 02:07:14.715000,LEC,16,96.304,42.0,3.0,,,0 days 00:00:30.919000,0 days 00:00:41.570000,0 days 00:00:23.815000,0 days 02:06:09.314000,0 days 02:06:50.884000,0 days 02:07:14.699000,235.0,265.0,284.0,303.0,False,HARD,10.0,True,Ferrari,0 days 02:05:38.411000,2025-04-13 16:13:52.678,1,3.0,False,,False,True
99,0 days 02:08:51.221000,LEC,16,96.506,43.0,3.0,,,0 days 00:00:30.927000,0 days 00:00:41.890000,0 days 00:00:23.689000,0 days 02:07:45.626000,0 days 02:08:27.516000,0 days 02:08:51.205000,234.0,261.0,285.0,301.0,False,HARD,11.0,True,Ferrari,0 days 02:07:14.715000,2025-04-13 16:15:28.982,1,3.0,False,,False,True
100,0 days 02:10:27.768000,LEC,16,96.547,44.0,3.0,,,0 days 00:00:30.914000,0 days 00:00:41.889000,0 days 00:00:23.744000,0 days 02:09:22.119000,0 days 02:10:04.008000,0 days 02:10:27.752000,233.0,262.0,286.0,309.0,False,HARD,12.0,True,Ferrari,0 days 02:08:51.221000,2025-04-13 16:17:05.488,1,3.0,False,,False,True
101,0 days 02:12:04.468000,LEC,16,96.7,45.0,3.0,,,0 days 00:00:30.937000,0 days 00:00:41.969000,0 days 00:00:23.794000,0 days 02:10:58.689000,0 days 02:11:40.658000,0 days 02:12:04.452000,232.0,263.0,285.0,,False,HARD,13.0,True,Ferrari,0 days 02:10:27.768000,2025-04-13 16:18:42.035,1,3.0,False,,False,True
102,0 days 02:13:41.362000,LEC,16,96.894,46.0,3.0,,,0 days 00:00:31.118000,0 days 00:00:42.092000,0 days 00:00:23.684000,0 days 02:12:35.570000,0 days 02:13:17.662000,0 days 02:13:41.346000,231.0,262.0,284.0,,False,HARD,14.0,True,Ferrari,0 days 02:12:04.468000,2025-04-13 16:20:18.735,1,3.0,False,,False,True
103,0 days 02:15:18.136000,LEC,16,96.774,47.0,3.0,,,0 days 00:00:31.053000,0 days 00:00:41.941000,0 days 00:00:23.780000,0 days 02:14:12.399000,0 days 02:14:54.340000,0 days 02:15:18.120000,232.0,261.0,284.0,300.0,False,HARD,15.0,True,Ferrari,0 days 02:13:41.362000,2025-04-13 16:21:55.629,1,3.0,False,,False,True
104,0 days 02:16:55.090000,LEC,16,96.954,48.0,3.0,,,0 days 00:00:31.116000,0 days 00:00:41.992000,0 days 00:00:23.846000,0 days 02:15:49.236000,0 days 02:16:31.228000,0 days 02:16:55.074000,230.0,257.0,285.0,297.0,False,HARD,16.0,True,Ferrari,0 days 02:15:18.136000,2025-04-13 16:23:32.403,1,3.0,False,,False,True
105,0 days 02:18:32.748000,LEC,16,97.658,49.0,3.0,,,0 days 00:00:31.649000,0 days 00:00:42.201000,0 days 00:00:23.808000,0 days 02:17:26.723000,0 days 02:18:08.924000,0 days 02:18:32.732000,233.0,260.0,285.0,305.0,False,HARD,17.0,True,Ferrari,0 days 02:16:55.090000,2025-04-13 16:25:09.357,1,3.0,False,,False,True
106,0 days 02:20:09.704000,LEC,16,96.956,50.0,3.0,,,0 days 00:00:31.059000,0 days 00:00:42.132000,0 days 00:00:23.765000,0 days 02:19:03.791000,0 days 02:19:45.923000,0 days 02:20:09.688000,235.0,261.0,285.0,309.0,False,HARD,18.0,True,Ferrari,0 days 02:18:32.748000,2025-04-13 16:26:47.015,1,3.0,False,,False,True
107,0 days 02:21:46.983000,LEC,16,97.279,51.0,3.0,,,0 days 00:00:31.185000,0 days 00:00:42.159000,0 days 00:00:23.935000,0 days 02:20:40.873000,0 days 02:21:23.032000,0 days 02:21:46.967000,230.0,261.0,285.0,301.0,False,HARD,19.0,True,Ferrari,0 days 02:20:09.704000,2025-04-13 16:28:23.971,1,3.0,False,,False,True
108,0 days 02:23:25.406000,LEC,16,98.423,52.0,3.0,,,0 days 00:00:31.588000,0 days 00:00:42.692000,0 days 00:00:24.143000,0 days 02:22:18.555000,0 days 02:23:01.247000,0 days 02:23:25.390000,232.0,263.0,284.0,310.0,False,HARD,20.0,True,Ferrari,0 days 02:21:46.983000,2025-04-13 16:30:01.250,1,4.0,False,,False,True
109,0 days 02:25:02.989000,LEC,16,97.583,53.0,3.0,,,0 days 00:00:31.288000,0 days 00:00:42.278000,0 days 00:00:24.017000,0 days 02:23:56.678000,0 days 02:24:38.956000,0 days 02:25:02.973000,233.0,260.0,284.0,302.0,False,HARD,21.0,True,Ferrari,0 days 02:23:25.406000,2025-04-13 16:31:39.673,1,4.0,False,,False,True
110,0 days 02:26:40.783000,LEC,16,97.794,54.0,3.0,,,0 days 00:00:31.127000,0 days 00:00:42.614000,0 days 00:00:24.053000,0 days 02:25:34.100000,0 days 02:26:16.714000,0 days 02:26:40.767000,,259.0,285.0,,False,HARD,22.0,True,Ferrari,0 days 02:25:02.989000,2025-04-13 16:33:17.256,1,4.0,False,,False,True
111,0 days 02:28:18.369000,LEC,16,97.586,55.0,3.0,,,0 days 00:00:31.324000,0 days 00:00:42.224000,0 days 00:00:24.038000,0 days 02:27:12.091000,0 days 02:27:54.315000,0 days 02:28:18.353000,237.0,264.0,284.0,303.0,False,HARD,23.0,True,Ferrari,0 days 02:26:40.783000,2025-04-13 16:34:55.050,1,4.0,False,,False,True
112,0 days 02:29:56.035000,LEC,16,97.666,56.0,3.0,,,0 days 00:00:31.216000,0 days 00:00:42.390000,0 days 00:00:24.060000,0 days 02:28:49.569000,0 days 02:29:31.959000,0 days 02:29:56.019000,235.0,262.0,283.0,306.0,False,HARD,24.0,True,Ferrari,0 days 02:28:18.369000,2025-04-13 16:36:32.636,1,4.0,False,,False,True
113,0 days 02:31:34.308000,LEC,16,98.273,57.0,3.0,,,0 days 00:00:31.476000,0 days 00:00:42.583000,0 days 00:00:24.214000,0 days 02:30:27.495000,0 days 02:31:10.078000,0 days 02:31:34.292000,,258.0,284.0,,False,HARD,25.0,True,Ferrari,0 days 02:29:56.035000,2025-04-13 16:38:10.302,1,4.0,False,,False,True
285,0 days 00:57:15.613000,NOR,4,,1.0,1.0,,,,0 days 00:00:42.491000,0 days 00:00:23.969000,,0 days 00:56:51.699000,0 days 00:57:15.797000,230.0,244.0,277.0,257.0,False,SOFT,4.0,False,McLaren,0 days 00:55:34.907000,2025-04-13 15:03:49.174,1,3.0,False,,False,False
286,0 days 00:58:53.523000,NOR,4,97.91,2.0,1.0,,,0 days 00:00:31.193000,0 days 00:00:42.593000,0 days 00:00:24.124000,0 days 00:57:46.791000,0 days 00:58:29.384000,0 days 00:58:53.508000,231.0,242.0,282.0,285.0,True,SOFT,5.0,False,McLaren,0 days 00:57:15.613000,2025-04-13 15:05:29.880,1,3.0,False,,False,True
287,0 days 01:00:31.940000,NOR,4,98.417,3.0,1.0,,,0 days 00:00:31.039000,0 days 00:00:43.110000,0 days 00:00:24.268000,0 days 00:59:24.547000,0 days 01:00:07.657000,0 days 01:00:31.925000,,238.0,284.0,307.0,False,SOFT,6.0,False,McLaren,0 days 00:58:53.523000,2025-04-13 15:07:07.790,1,3.0,False,,False,True
288,0 days 01:02:10.175000,NOR,4,98.235,4.0,1.0,,,0 days 00:00:31.052000,0 days 00:00:42.808000,0 days 00:00:24.375000,0 days 01:01:02.977000,0 days 01:01:45.785000,0 days 01:02:10.160000,226.0,246.0,284.0,311.0,False,SOFT,7.0,False,McLaren,0 days 01:00:31.940000,2025-04-13 15:08:46.207,1,3.0,False,,False,True
289,0 days 01:03:48.779000,NOR,4,98.604,5.0,1.0,,,0 days 00:00:31.146000,0 days 00:00:43.114000,0 days 00:00:24.344000,0 days 01:02:41.306000,0 days 01:03:24.420000,0 days 01:03:48.764000,228.0,239.0,284.0,302.0,False,SOFT,8.0,False,McLaren,0 days 01:02:10.175000,2025-04-13 15:10:24.442,1,3.0,False,,False,True
290,0 days 01:05:27.349000,NOR,4,98.57,6.0,1.0,,,0 days 00:00:31.176000,0 days 00:00:43.090000,0 days 00:00:24.304000,0 days 01:04:19.940000,0 days 01:05:03.030000,0 days 01:05:27.334000,227.0,231.0,284.0,312.0,False,SOFT,9.0,False,McLaren,0 days 01:03:48.779000,2025-04-13 15:12:03.046,1,3.0,False,,False,True
291,0 days 01:07:05.817000,NOR,4,98.468,7.0,1.0,,,0 days 00:00:31.093000,0 days 00:00:42.936000,0 days 00:00:24.439000,0 days 01:05:58.427000,0 days 01:06:41.363000,0 days 01:07:05.802000,230.0,246.0,285.0,,False,SOFT,10.0,False,McLaren,0 days 01:05:27.349000,2025-04-13 15:13:41.616,1,3.0,False,,False,True
292,0 days 01:08:44.787000,NOR,4,98.97,8.0,1.0,,,0 days 00:00:31.197000,0 days 00:00:43.276000,0 days 00:00:24.497000,0 days 01:07:36.999000,0 days 01:08:20.275000,0 days 01:08:44.772000,,250.0,286.0,314.0,False,SOFT,11.0,False,McLaren,0 days 01:07:05.817000,2025-04-13 15:15:20.084,1,3.0,False,,False,True
293,0 days 01:10:23.891000,NOR,4,99.104,9.0,1.0,,,0 days 00:00:31.318000,0 days 00:00:43.201000,0 days 00:00:24.585000,0 days 01:09:16.090000,0 days 01:09:59.291000,0 days 01:10:23.876000,228.0,251.0,283.0,311.0,False,SOFT,12.0,False,McLaren,0 days 01:08:44.787000,2025-04-13 15:16:59.054,1,3.0,False,,False,True
294,0 days 01:12:05.425000,NOR,4,101.534,10.0,1.0,,0 days 01:12:03.834000,0 days 00:00:31.277000,0 days 00:00:42.952000,0 days 00:00:27.305000,0 days 01:10:55.153000,0 days 01:11:38.105000,0 days 01:12:05.410000,,252.0,,,False,SOFT,13.0,False,McLaren,0 days 01:10:23.891000,2025-04-13 15:18:38.158,1,4.0,True,TRACK LIMITS AT TURN 13 LAP 10 ,False,False
295,0 days 01:14:08.276000,NOR,4,122.851,11.0,2.0,0 days 01:12:33.449000,,0 days 00:00:56.972000,0 days 00:00:42.146000,0 days 00:00:23.733000,0 days 01:13:02.382000,0 days 01:13:44.528000,0 days 01:14:08.261000,232.0,241.0,281.0,219.0,False,MEDIUM,1.0,True,McLaren,0 days 01:12:05.425000,2025-04-13 15:20:19.692,1,14.0,False,,False,False
296,0 days 01:15:46.143000,NOR,4,97.867,12.0,2.0,,,0 days 00:00:30.815000,0 days 00:00:43.067000,0 days 00:00:23.985000,0 days 01:14:39.076000,0 days 01:15:22.143000,0 days 01:15:46.128000,231.0,242.0,280.0,301.0,True,MEDIUM,2.0,True,McLaren,0 days 01:14:08.276000,2025-04-13 15:22:22.543,1,11.0,False,,False,True
297,0 days 01:17:23.596000,NOR,4,97.453,13.0,2.0,,,0 days 00:00:31.024000,0 days 00:00:42.436000,0 days 00:00:23.993000,0 days 01:16:17.152000,0 days 01:16:59.588000,0 days 01:17:23.581000,229.0,241.0,289.0,299.0,True,MEDIUM,3.0,True,McLaren,0 days 01:15:46.143000,2025-04-13 15:24:00.410,1,10.0,False,,False,True
298,0 days 01:19:02.369000,NOR,4,98.773,14.0,2.0,,,0 days 00:00:31.361000,0 days 00:00:43.039000,0 days 00:00:24.373000,0 days 01:17:54.942000,0 days 01:18:37.981000,0 days 01:19:02.354000,230.0,240.0,287.0,325.0,False,MEDIUM,4.0,True,McLaren,0 days 01:17:23.596000,2025-04-13 15:25:37.863,1,9.0,False,,False,True
299,0 days 01:20:40.116000,NOR,4,97.747,15.0,2.0,,,0 days 00:00:30.986000,0 days 00:00:42.706000,0 days 00:00:24.055000,0 days 01:19:33.340000,0 days 01:20:16.046000,0 days 01:20:40.101000,223.0,242.0,280.0,318.0,False,MEDIUM,5.0,True,McLaren,0 days 01:19:02.369000,2025-04-13 15:27:16.636,1,6.0,False,,False,True
300,0 days 01:22:18.510000,NOR,4,98.394,16.0,2.0,,,0 days 00:00:31.244000,0 days 00:00:42.725000,0 days 00:00:24.425000,0 days 01:21:11.345000,0 days 01:21:54.070000,0 days 01:22:18.495000,228.0,238.0,284.0,299.0,False,MEDIUM,6.0,True,McLaren,0 days 01:20:40.116000,2025-04-13 15:28:54.383,1,5.0,False,,False,True
301,0 days 01:23:56.077000,NOR,4,97.567,17.0,2.0,,,0 days 00:00:30.969000,0 days 00:00:42.575000,0 days 00:00:24.023000,0 days 01:22:49.464000,0 days 01:23:32.039000,0 days 01:23:56.062000,226.0,244.0,278.0,316.0,False,MEDIUM,7.0,True,McLaren,0 days 01:22:18.510000,2025-04-13 15:30:32.777,1,5.0,False,,False,True
302,0 days 01:25:33.747000,NOR,4,97.67,18.0,2.0,,,0 days 00:00:31.058000,0 days 00:00:42.459000,0 days 00:00:24.153000,0 days 01:24:27.120000,0 days 01:25:09.579000,0 days 01:25:33.732000,227.0,240.0,280.0,301.0,False,MEDIUM,8.0,True,McLaren,0 days 01:23:56.077000,2025-04-13 15:32:10.344,1,3.0,False,,False,True
303,0 days 01:27:11.402000,NOR,4,97.655,19.0,2.0,,,0 days 00:00:31.238000,0 days 00:00:42.302000,0 days 00:00:24.115000,0 days 01:26:04.970000,0 days 01:26:47.272000,0 days 01:27:11.387000,226.0,242.0,281.0,304.0,False,MEDIUM,9.0,True,McLaren,0 days 01:25:33.747000,2025-04-13 15:33:48.014,1,3.0,False,,False,True
304,0 days 01:28:49.328000,NOR,4,97.926,20.0,2.0,,,0 days 00:00:31.211000,0 days 00:00:42.683000,0 days 00:00:24.032000,0 days 01:27:42.598000,0 days 01:28:25.281000,0 days 01:28:49.313000,,243.0,282.0,303.0,False,MEDIUM,10.0,True,McLaren,0 days 01:27:11.402000,2025-04-13 15:35:25.669,1,3.0,False,,False,True
305,0 days 01:30:27.311000,NOR,4,97.983,21.0,2.0,,,0 days 00:00:31.438000,0 days 00:00:42.494000,0 days 00:00:24.051000,0 days 01:29:20.751000,0 days 01:30:03.245000,0 days 01:30:27.296000,227.0,242.0,280.0,304.0,False,MEDIUM,11.0,True,McLaren,0 days 01:28:49.328000,2025-04-13 15:37:03.595,1,3.0,False,,False,True
306,0 days 01:32:05.098000,NOR,4,97.787,22.0,2.0,,,0 days 00:00:31.271000,0 days 00:00:42.444000,0 days 00:00:24.072000,0 days 01:30:58.567000,0 days 01:31:41.011000,0 days 01:32:05.083000,,247.0,281.0,,False,MEDIUM,12.0,True,McLaren,0 days 01:30:27.311000,2025-04-13 15:38:41.578,1,3.0,False,,False,True
307,0 days 01:33:43.232000,NOR,4,98.134,23.0,2.0,,,0 days 00:00:31.346000,0 days 00:00:42.519000,0 days 00:00:24.269000,0 days 01:32:36.429000,0 days 01:33:18.948000,0 days 01:33:43.217000,229.0,246.0,280.0,,False,MEDIUM,13.0,True,McLaren,0 days 01:32:05.098000,2025-04-13 15:40:19.365,1,3.0,False,,False,True
308,0 days 01:35:21.215000,NOR,4,97.983,24.0,2.0,,,0 days 00:00:31.587000,0 days 00:00:42.393000,0 days 00:00:24.003000,0 days 01:34:14.804000,0 days 01:34:57.197000,0 days 01:35:21.200000,227.0,256.0,282.0,,False,MEDIUM,14.0,True,McLaren,0 days 01:33:43.232000,2025-04-13 15:41:57.499,1,3.0,False,,False,True
309,0 days 01:37:00.505000,NOR,4,99.29,25.0,2.0,,,0 days 00:00:32.025000,0 days 00:00:43.027000,0 days 00:00:24.238000,0 days 01:35:53.225000,0 days 01:36:36.252000,0 days 01:37:00.490000,229.0,249.0,281.0,303.0,False,MEDIUM,15.0,True,McLaren,0 days 01:35:21.215000,2025-04-13 15:43:35.482,1,4.0,False,,False,True
310,0 days 01:38:38.720000,NOR,4,98.215,26.0,2.0,,,0 days 00:00:31.467000,0 days 00:00:42.659000,0 days 00:00:24.089000,0 days 01:37:31.957000,0 days 01:38:14.616000,0 days 01:38:38.705000,231.0,249.0,281.0,304.0,False,MEDIUM,16.0,True,McLaren,0 days 01:37:00.505000,2025-04-13 15:45:14.772,1,4.0,False,,False,True
311,0 days 01:40:16.690000,NOR,4,97.97,27.0,2.0,,,0 days 00:00:31.320000,0 days 00:00:42.401000,0 days 00:00:24.249000,0 days 01:39:10.025000,0 days 01:39:52.426000,0 days 01:40:16.675000,232.0,249.0,280.0,,False,MEDIUM,17.0,True,McLaren,0 days 01:38:38.720000,2025-04-13 15:46:52.987,1,4.0,False,,False,True
312,0 days 01:41:54.639000,NOR,4,97.949,28.0,2.0,,,0 days 00:00:31.412000,0 days 00:00:42.417000,0 days 00:00:24.120000,0 days 01:40:48.087000,0 days 01:41:30.504000,0 days 01:41:54.624000,231.0,253.0,282.0,,False,MEDIUM,18.0,True,McLaren,0 days 01:40:16.690000,2025-04-13 15:48:30.957,1,4.0,False,,False,True
313,0 days 01:43:32.769000,NOR,4,98.13,29.0,2.0,,,0 days 00:00:31.643000,0 days 00:00:42.344000,0 days 00:00:24.143000,0 days 01:42:26.267000,0 days 01:43:08.611000,0 days 01:43:32.754000,232.0,252.0,281.0,303.0,False,MEDIUM,19.0,True,McLaren,0 days 01:41:54.639000,2025-04-13 15:50:08.906,1,4.0,False,,False,True
314,0 days 01:45:10.505000,NOR,4,97.736,30.0,2.0,,,0 days 00:00:31.353000,0 days 00:00:42.291000,0 days 00:00:24.092000,0 days 01:44:04.107000,0 days 01:44:46.398000,0 days 01:45:10.490000,,255.0,282.0,,False,MEDIUM,20.0,True,McLaren,0 days 01:43:32.769000,2025-04-13 15:51:47.036,1,4.0,False,,False,True
315,0 days 01:46:48.432000,NOR,4,97.927,31.0,2.0,,,0 days 00:00:31.346000,0 days 00:00:42.527000,0 days 00:00:24.054000,0 days 01:45:41.836000,0 days 01:46:24.363000,0 days 01:46:48.417000,,253.0,281.0,306.0,False,MEDIUM,21.0,True,McLaren,0 days 01:45:10.505000,2025-04-13 15:53:24.772,1,4.0,False,,False,True
316,0 days 01:48:40.136000,NOR,4,111.704,32.0,2.0,,0 days 01:48:38.428000,0 days 00:00:31.305000,0 days 00:00:45.997000,0 days 00:00:34.402000,0 days 01:47:19.722000,0 days 01:48:05.719000,0 days 01:48:40.121000,230.0,111.0,,304.0,False,MEDIUM,22.0,True,McLaren,0 days 01:46:48.432000,2025-04-13 15:55:02.699,14,4.0,False,,False,False
317,0 days 01:51:16.734000,NOR,4,,33.0,3.0,0 days 01:49:02.487000,,0 days 00:00:59.608000,0 days 00:01:01.793000,0 days 00:00:35.203000,0 days 01:49:39.913000,0 days 01:50:41.657000,0 days 01:51:16.967000,209.0,119.0,243.0,219.0,False,MEDIUM,1.0,True,McLaren,0 days 01:48:40.136000,2025-04-13 15:56:54.403,4,4.0,False,,False,False
318,0 days 01:53:36.413000,NOR,4,139.679,34.0,3.0,,,0 days 00:00:44.326000,0 days 00:01:00.586000,0 days 00:00:34.767000,0 days 01:52:01.045000,0 days 01:53:01.631000,0 days 01:53:36.398000,201.0,137.0,255.0,270.0,False,MEDIUM,2.0,True,McLaren,0 days 01:51:16.734000,2025-04-13 15:59:31.001,4,4.0,False,,False,False
319,0 days 01:56:00.911000,NOR,4,144.498,35.0,3.0,,,0 days 00:00:42.613000,0 days 00:01:00.665000,0 days 00:00:41.220000,0 days 01:54:19.011000,0 days 01:55:19.676000,0 days 01:56:00.896000,164.0,184.0,281.0,166.0,False,MEDIUM,3.0,True,McLaren,0 days 01:53:36.413000,2025-04-13 16:01:50.680,41,4.0,False,,False,False
320,0 days 01:57:37.416000,NOR,4,96.505,36.0,3.0,,,0 days 00:00:31.304000,0 days 00:00:41.680000,0 days 00:00:23.521000,0 days 01:56:32.200000,0 days 01:57:13.880000,0 days 01:57:37.401000,235.0,254.0,286.0,303.0,False,MEDIUM,4.0,True,McLaren,0 days 01:56:00.911000,2025-04-13 16:04:15.178,1,4.0,True,TRACK LIMITS AT TURN 4 LAP 36 ,False,True
321,0 days 01:59:15.383000,NOR,4,97.967,37.0,3.0,,,0 days 00:00:32.673000,0 days 00:00:41.735000,0 days 00:00:23.559000,0 days 01:58:10.074000,0 days 01:58:51.809000,0 days 01:59:15.368000,236.0,248.0,292.0,286.0,False,MEDIUM,5.0,True,McLaren,0 days 01:57:37.416000,2025-04-13 16:05:51.683,1,5.0,False,,False,True
322,0 days 02:00:51.111000,NOR,4,95.728,38.0,3.0,,,0 days 00:00:30.584000,0 days 00:00:41.696000,0 days 00:00:23.448000,0 days 01:59:45.952000,0 days 02:00:27.648000,0 days 02:00:51.096000,233.0,249.0,282.0,329.0,True,MEDIUM,6.0,True,McLaren,0 days 01:59:15.383000,2025-04-13 16:07:29.650,1,4.0,False,,False,True
323,0 days 02:02:27.370000,NOR,4,96.259,39.0,3.0,,,0 days 00:00:30.981000,0 days 00:00:41.609000,0 days 00:00:23.669000,0 days 02:01:22.077000,0 days 02:02:03.686000,0 days 02:02:27.355000,231.0,246.0,281.0,295.0,False,MEDIUM,7.0,True,McLaren,0 days 02:00:51.111000,2025-04-13 16:09:05.378,1,4.0,False,,False,True
324,0 days 02:04:03.491000,NOR,4,96.121,40.0,3.0,,,0 days 00:00:30.828000,0 days 00:00:41.791000,0 days 00:00:23.502000,0 days 02:02:58.183000,0 days 02:03:39.974000,0 days 02:04:03.476000,233.0,245.0,283.0,298.0,False,MEDIUM,8.0,True,McLaren,0 days 02:02:27.370000,2025-04-13 16:10:41.637,1,4.0,False,,False,True
325,0 days 02:05:39.750000,NOR,4,96.259,41.0,3.0,,,0 days 00:00:30.958000,0 days 00:00:41.785000,0 days 00:00:23.516000,0 days 02:04:34.434000,0 days 02:05:16.219000,0 days 02:05:39.735000,234.0,238.0,283.0,295.0,False,MEDIUM,9.0,True,McLaren,0 days 02:04:03.491000,2025-04-13 16:12:17.758,1,4.0,False,,False,True
326,0 days 02:07:15.893000,NOR,4,96.143,42.0,3.0,,,0 days 00:00:30.907000,0 days 00:00:41.753000,0 days 00:00:23.483000,0 days 02:06:10.642000,0 days 02:06:52.395000,0 days 02:07:15.878000,,243.0,283.0,299.0,False,MEDIUM,10.0,True,McLaren,0 days 02:05:39.750000,2025-04-13 16:13:54.017,1,4.0,False,,False,True
327,0 days 02:08:51.935000,NOR,4,96.042,43.0,3.0,,,0 days 00:00:30.781000,0 days 00:00:41.467000,0 days 00:00:23.794000,0 days 02:07:46.659000,0 days 02:08:28.126000,0 days 02:08:51.920000,235.0,255.0,289.0,303.0,False,MEDIUM,11.0,True,McLaren,0 days 02:07:15.893000,2025-04-13 16:15:30.160,1,4.0,False,,False,True
328,0 days 02:10:28.387000,NOR,4,96.452,44.0,3.0,,,0 days 00:00:30.715000,0 days 00:00:41.927000,0 days 00:00:23.810000,0 days 02:09:22.635000,0 days 02:10:04.562000,0 days 02:10:28.372000,236.0,259.0,290.0,320.0,False,MEDIUM,12.0,True,McLaren,0 days 02:08:51.935000,2025-04-13 16:17:06.202,1,4.0,False,,False,True
329,0 days 02:12:04.981000,NOR,4,96.594,45.0,3.0,,,0 days 00:00:30.723000,0 days 00:00:42.013000,0 days 00:00:23.858000,0 days 02:10:59.095000,0 days 02:11:41.108000,0 days 02:12:04.966000,234.0,262.0,291.0,319.0,False,MEDIUM,13.0,True,McLaren,0 days 02:10:28.387000,2025-04-13 16:18:42.654,1,4.0,False,,False,True
330,0 days 02:13:42.632000,NOR,4,97.651,46.0,3.0,,,0 days 00:00:31.934000,0 days 00:00:42.047000,0 days 00:00:23.670000,0 days 02:12:36.900000,0 days 02:13:18.947000,0 days 02:13:42.617000,232.0,251.0,284.0,329.0,False,MEDIUM,14.0,True,McLaren,0 days 02:12:04.981000,2025-04-13 16:20:19.248,1,4.0,False,,False,True
331,0 days 02:15:18.947000,NOR,4,96.315,47.0,3.0,,,0 days 00:00:31.013000,0 days 00:00:41.659000,0 days 00:00:23.643000,0 days 02:14:13.630000,0 days 02:14:55.289000,0 days 02:15:18.932000,,258.0,290.0,304.0,False,MEDIUM,15.0,True,McLaren,0 days 02:13:42.632000,2025-04-13 16:21:56.899,1,4.0,False,,False,True
332,0 days 02:16:55.526000,NOR,4,96.579,48.0,3.0,,,0 days 00:00:30.746000,0 days 00:00:41.937000,0 days 00:00:23.896000,0 days 02:15:49.678000,0 days 02:16:31.615000,0 days 02:16:55.511000,238.0,260.0,292.0,318.0,False,MEDIUM,16.0,True,McLaren,0 days 02:15:18.947000,2025-04-13 16:23:33.214,1,4.0,False,,False,True
333,0 days 02:18:33.387000,NOR,4,97.861,49.0,3.0,,,0 days 00:00:31.679000,0 days 00:00:42.330000,0 days 00:00:23.852000,0 days 02:17:27.190000,0 days 02:18:09.520000,0 days 02:18:33.372000,226.0,258.0,290.0,330.0,False,MEDIUM,17.0,True,McLaren,0 days 02:16:55.526000,2025-04-13 16:25:09.793,1,4.0,True,TRACK LIMITS AT TURN 4 LAP 49 ,False,True
334,0 days 02:20:10.423000,NOR,4,97.036,50.0,3.0,,,0 days 00:00:30.828000,0 days 00:00:42.352000,0 days 00:00:23.856000,0 days 02:19:04.200000,0 days 02:19:46.552000,0 days 02:20:10.408000,234.0,259.0,289.0,320.0,False,MEDIUM,18.0,True,McLaren,0 days 02:18:33.387000,2025-04-13 16:26:47.654,1,4.0,False,,False,True
335,0 days 02:21:47.506000,NOR,4,97.083,51.0,3.0,,,0 days 00:00:30.834000,0 days 00:00:42.118000,0 days 00:00:24.131000,0 days 02:20:41.242000,0 days 02:21:23.360000,0 days 02:21:47.491000,236.0,263.0,292.0,322.0,False,MEDIUM,19.0,True,McLaren,0 days 02:20:10.423000,2025-04-13 16:28:24.690,1,4.0,False,,False,True
336,0 days 02:23:23.831000,NOR,4,96.325,52.0,3.0,,,0 days 00:00:30.888000,0 days 00:00:41.659000,0 days 00:00:23.778000,0 days 02:22:18.379000,0 days 02:23:00.038000,0 days 02:23:23.816000,228.0,261.0,283.0,329.0,False,MEDIUM,20.0,True,McLaren,0 days 02:21:47.506000,2025-04-13 16:30:01.773,1,3.0,False,,False,True
337,0 days 02:25:00.568000,NOR,4,96.737,53.0,3.0,,,0 days 00:00:31.105000,0 days 00:00:41.860000,0 days 00:00:23.772000,0 days 02:23:54.921000,0 days 02:24:36.781000,0 days 02:25:00.553000,231.0,261.0,284.0,300.0,False,MEDIUM,21.0,True,McLaren,0 days 02:23:23.831000,2025-04-13 16:31:38.098,1,3.0,False,,False,True
338,0 days 02:26:37.695000,NOR,4,97.127,54.0,3.0,,,0 days 00:00:31.090000,0 days 00:00:42.040000,0 days 00:00:23.997000,0 days 02:25:31.643000,0 days 02:26:13.683000,0 days 02:26:37.680000,235.0,265.0,292.0,,False,MEDIUM,22.0,True,McLaren,0 days 02:25:00.568000,2025-04-13 16:33:14.835,1,3.0,False,,False,True
339,0 days 02:28:15.035000,NOR,4,97.34,55.0,3.0,,,0 days 00:00:31.016000,0 days 00:00:42.209000,0 days 00:00:24.115000,0 days 02:27:08.696000,0 days 02:27:50.905000,0 days 02:28:15.020000,236.0,261.0,291.0,325.0,False,MEDIUM,23.0,True,McLaren,0 days 02:26:37.695000,2025-04-13 16:34:51.962,1,3.0,False,,False,True
340,0 days 02:29:52.762000,NOR,4,97.727,56.0,3.0,,,0 days 00:00:31.068000,0 days 00:00:42.685000,0 days 00:00:23.974000,0 days 02:28:46.088000,0 days 02:29:28.773000,0 days 02:29:52.747000,238.0,261.0,289.0,326.0,False,MEDIUM,24.0,True,McLaren,0 days 02:28:15.035000,2025-04-13 16:36:29.302,1,3.0,False,,False,True
341,0 days 02:31:30.891000,NOR,4,98.129,57.0,3.0,,,0 days 00:00:31.393000,0 days 00:00:42.508000,0 days 00:00:24.228000,0 days 02:30:24.140000,0 days 02:31:06.648000,0 days 02:31:30.876000,236.0,264.0,282.0,327.0,False,MEDIUM,25.0,True,McLaren,0 days 02:29:52.762000,2025-04-13 16:38:07.029,1,2.0,False,,False,True
342,0 days 00:57:19.066000,VER,1,,1.0,1.0,,,,0 days 00:00:43.964000,0 days 00:00:24.393000,,0 days 00:56:54.759000,0 days 00:57:19.177000,209.0,234.0,281.0,258.0,False,SOFT,4.0,False,Red Bull Racing,0 days 00:55:34.907000,2025-04-13 15:03:49.174,1,8.0,False,,False,False
343,0 days 00:58:57.469000,VER,1,98.403,2.0,1.0,,,0 days 00:00:31.183000,0 days 00:00:42.971000,0 days 00:00:24.249000,0 days 00:57:50.218000,0 days 00:58:33.189000,0 days 00:58:57.438000,229.0,244.0,286.0,296.0,True,SOFT,5.0,False,Red Bull Racing,0 days 00:57:19.066000,2025-04-13 15:05:33.333,1,8.0,False,,False,True
344,0 days 01:00:35.944000,VER,1,98.475,3.0,1.0,,,0 days 00:00:30.952000,0 days 00:00:43.091000,0 days 00:00:24.432000,0 days 00:59:28.390000,0 days 01:00:11.481000,0 days 01:00:35.913000,228.0,245.0,286.0,312.0,False,SOFT,6.0,False,Red Bull Racing,0 days 00:58:57.469000,2025-04-13 15:07:11.736,1,8.0,False,,False,True
345,0 days 01:02:14.493000,VER,1,98.549,4.0,1.0,,,0 days 00:00:30.908000,0 days 00:00:43.238000,0 days 00:00:24.403000,0 days 01:01:06.821000,0 days 01:01:50.059000,0 days 01:02:14.462000,234.0,245.0,287.0,317.0,False,SOFT,7.0,False,Red Bull Racing,0 days 01:00:35.944000,2025-04-13 15:08:50.211,1,8.0,False,,False,True
346,0 days 01:03:53.253000,VER,1,98.76,5.0,1.0,,,0 days 00:00:31.138000,0 days 00:00:43.175000,0 days 00:00:24.447000,0 days 01:02:45.600000,0 days 01:03:28.775000,0 days 01:03:53.222000,232.0,249.0,285.0,310.0,False,SOFT,8.0,False,Red Bull Racing,0 days 01:02:14.493000,2025-04-13 15:10:28.760,1,7.0,False,,False,True
347,0 days 01:05:31.846000,VER,1,98.593,6.0,1.0,,,0 days 00:00:31.040000,0 days 00:00:43.040000,0 days 00:00:24.513000,0 days 01:04:24.262000,0 days 01:05:07.302000,0 days 01:05:31.815000,233.0,252.0,286.0,316.0,False,SOFT,9.0,False,Red Bull Racing,0 days 01:03:53.253000,2025-04-13 15:12:07.520,1,7.0,False,,False,True
348,0 days 01:07:10.775000,VER,1,98.929,7.0,1.0,,,0 days 00:00:31.093000,0 days 00:00:43.268000,0 days 00:00:24.568000,0 days 01:06:02.908000,0 days 01:06:46.176000,0 days 01:07:10.744000,,251.0,285.0,312.0,False,SOFT,10.0,False,Red Bull Racing,0 days 01:05:31.846000,2025-04-13 15:13:46.113,1,7.0,False,,False,True
349,0 days 01:08:50.160000,VER,1,99.385,8.0,1.0,,,0 days 00:00:31.208000,0 days 00:00:43.654000,0 days 00:00:24.523000,0 days 01:07:41.952000,0 days 01:08:25.606000,0 days 01:08:50.129000,232.0,246.0,280.0,302.0,False,SOFT,11.0,False,Red Bull Racing,0 days 01:07:10.775000,2025-04-13 15:15:25.042,1,7.0,False,,False,True
350,0 days 01:10:29.830000,VER,1,99.67,9.0,1.0,,,0 days 00:00:31.767000,0 days 00:00:43.281000,0 days 00:00:24.622000,0 days 01:09:21.896000,0 days 01:10:05.177000,0 days 01:10:29.799000,,248.0,280.0,285.0,False,SOFT,12.0,False,Red Bull Racing,0 days 01:08:50.160000,2025-04-13 15:17:04.427,1,7.0,False,,False,True
351,0 days 01:12:13.123000,VER,1,103.293,10.0,1.0,,0 days 01:12:11.433000,0 days 00:00:31.490000,0 days 00:00:43.931000,0 days 00:00:27.872000,0 days 01:11:01.289000,0 days 01:11:45.220000,0 days 01:12:13.092000,231.0,247.0,,295.0,False,SOFT,13.0,False,Red Bull Racing,0 days 01:10:29.830000,2025-04-13 15:18:44.097,1,7.0,False,,False,False
352,0 days 01:14:13.041000,VER,1,119.918,11.0,2.0,0 days 01:12:37.959000,,0 days 00:00:54.092000,0 days 00:00:41.985000,0 days 00:00:23.841000,0 days 01:13:07.184000,0 days 01:13:49.169000,0 days 01:14:13.010000,235.0,260.0,283.0,215.0,False,HARD,1.0,True,Red Bull Racing,0 days 01:12:13.123000,2025-04-13 15:20:27.390,1,17.0,False,,False,False
353,0 days 01:15:50.245000,VER,1,97.204,12.0,2.0,,,0 days 00:00:31.031000,0 days 00:00:42.045000,0 days 00:00:24.128000,0 days 01:14:44.041000,0 days 01:15:26.086000,0 days 01:15:50.214000,234.0,259.0,288.0,294.0,True,HARD,2.0,True,Red Bull Racing,0 days 01:14:13.041000,2025-04-13 15:22:27.308,1,16.0,False,,False,True
354,0 days 01:17:28.572000,VER,1,98.327,13.0,2.0,,,0 days 00:00:30.807000,0 days 00:00:42.931000,0 days 00:00:24.589000,0 days 01:16:21.021000,0 days 01:17:03.952000,0 days 01:17:28.541000,235.0,258.0,288.0,325.0,False,HARD,3.0,True,Red Bull Racing,0 days 01:15:50.245000,2025-04-13 15:24:04.512,1,13.0,False,,False,True
355,0 days 01:19:06.659000,VER,1,98.087,14.0,2.0,,,0 days 00:00:30.837000,0 days 00:00:42.822000,0 days 00:00:24.428000,0 days 01:17:59.378000,0 days 01:18:42.200000,0 days 01:19:06.628000,,258.0,286.0,326.0,False,HARD,4.0,True,Red Bull Racing,0 days 01:17:28.572000,2025-04-13 15:25:42.839,1,12.0,False,,False,True
356,0 days 01:20:44.946000,VER,1,98.287,15.0,2.0,,,0 days 00:00:31.029000,0 days 00:00:42.932000,0 days 00:00:24.326000,0 days 01:19:37.657000,0 days 01:20:20.589000,0 days 01:20:44.915000,234.0,262.0,287.0,324.0,False,HARD,5.0,True,Red Bull Racing,0 days 01:19:06.659000,2025-04-13 15:27:20.926,1,10.0,False,,False,True
357,0 days 01:22:24.249000,VER,1,99.303,16.0,2.0,,,0 days 00:00:31.259000,0 days 00:00:43.322000,0 days 00:00:24.722000,0 days 01:21:16.174000,0 days 01:21:59.496000,0 days 01:22:24.218000,,258.0,287.0,,False,HARD,6.0,True,Red Bull Racing,0 days 01:20:44.946000,2025-04-13 15:28:59.213,1,9.0,False,,False,True
358,0 days 01:24:02.657000,VER,1,98.408,17.0,2.0,,,0 days 00:00:31.268000,0 days 00:00:42.801000,0 days 00:00:24.339000,0 days 01:22:55.486000,0 days 01:23:38.287000,0 days 01:24:02.626000,233.0,259.0,286.0,326.0,False,HARD,7.0,True,Red Bull Racing,0 days 01:22:24.249000,2025-04-13 15:30:38.516,1,8.0,False,,False,True
359,0 days 01:25:41.210000,VER,1,98.553,18.0,2.0,,,0 days 00:00:31.151000,0 days 00:00:42.950000,0 days 00:00:24.452000,0 days 01:24:33.777000,0 days 01:25:16.727000,0 days 01:25:41.179000,,253.0,286.0,307.0,False,HARD,8.0,True,Red Bull Racing,0 days 01:24:02.657000,2025-04-13 15:32:16.924,1,7.0,False,,False,True
360,0 days 01:27:19.725000,VER,1,98.515,19.0,2.0,,,0 days 00:00:31.078000,0 days 00:00:42.988000,0 days 00:00:24.449000,0 days 01:26:12.257000,0 days 01:26:55.245000,0 days 01:27:19.694000,,257.0,282.0,312.0,False,HARD,9.0,True,Red Bull Racing,0 days 01:25:41.210000,2025-04-13 15:33:55.477,1,7.0,False,,False,True
361,0 days 01:29:00.152000,VER,1,100.427,20.0,2.0,,,0 days 00:00:31.993000,0 days 00:00:43.988000,0 days 00:00:24.446000,0 days 01:27:51.687000,0 days 01:28:35.675000,0 days 01:29:00.121000,223.0,255.0,287.0,299.0,False,HARD,10.0,True,Red Bull Racing,0 days 01:27:19.725000,2025-04-13 15:35:33.992,1,8.0,False,,False,True
362,0 days 01:30:39.100000,VER,1,98.948,21.0,2.0,,,0 days 00:00:31.207000,0 days 00:00:43.163000,0 days 00:00:24.578000,0 days 01:29:31.328000,0 days 01:30:14.491000,0 days 01:30:39.069000,232.0,258.0,281.0,317.0,False,HARD,11.0,True,Red Bull Racing,0 days 01:29:00.152000,2025-04-13 15:37:14.419,1,8.0,False,,False,True
363,0 days 01:32:19.176000,VER,1,100.076,22.0,2.0,,,0 days 00:00:31.627000,0 days 00:00:43.856000,0 days 00:00:24.593000,0 days 01:31:10.696000,0 days 01:31:54.552000,0 days 01:32:19.145000,,243.0,287.0,300.0,False,HARD,12.0,True,Red Bull Racing,0 days 01:30:39.100000,2025-04-13 15:38:53.367,1,9.0,False,,False,True
364,0 days 01:33:57.609000,VER,1,98.433,23.0,2.0,,,0 days 00:00:31.033000,0 days 00:00:42.911000,0 days 00:00:24.489000,0 days 01:32:50.178000,0 days 01:33:33.089000,0 days 01:33:57.578000,233.0,261.0,281.0,321.0,False,HARD,13.0,True,Red Bull Racing,0 days 01:32:19.176000,2025-04-13 15:40:33.443,1,9.0,False,,False,True
365,0 days 01:35:36.480000,VER,1,98.871,24.0,2.0,,,0 days 00:00:31.598000,0 days 00:00:42.867000,0 days 00:00:24.406000,0 days 01:34:29.176000,0 days 01:35:12.043000,0 days 01:35:36.449000,232.0,259.0,281.0,298.0,False,HARD,14.0,True,Red Bull Racing,0 days 01:33:57.609000,2025-04-13 15:42:11.876,1,9.0,False,,False,True
366,0 days 01:37:15.972000,VER,1,99.492,25.0,2.0,,,0 days 00:00:31.608000,0 days 00:00:43.181000,0 days 00:00:24.703000,0 days 01:36:08.057000,0 days 01:36:51.238000,0 days 01:37:15.941000,,255.0,280.0,,False,HARD,15.0,True,Red Bull Racing,0 days 01:35:36.480000,2025-04-13 15:43:50.747,1,9.0,False,,False,True
367,0 days 01:38:58.460000,VER,1,102.488,26.0,2.0,,0 days 01:38:56.736000,0 days 00:00:31.598000,0 days 00:00:43.747000,0 days 00:00:27.143000,0 days 01:37:47.539000,0 days 01:38:31.286000,0 days 01:38:58.429000,,260.0,,299.0,False,HARD,16.0,True,Red Bull Racing,0 days 01:37:15.972000,2025-04-13 15:45:30.239,1,11.0,False,,False,False
368,0 days 01:40:58.505000,VER,1,120.045,27.0,3.0,0 days 01:39:24.978000,,0 days 00:00:54.872000,0 days 00:00:41.508000,0 days 00:00:23.665000,0 days 01:39:53.301000,0 days 01:40:34.809000,0 days 01:40:58.474000,236.0,259.0,281.0,219.0,False,MEDIUM,1.0,True,Red Bull Racing,0 days 01:38:58.460000,2025-04-13 15:47:12.727,1,19.0,False,,False,False
369,0 days 01:42:35.595000,VER,1,97.09,28.0,3.0,,,0 days 00:00:30.751000,0 days 00:00:42.369000,0 days 00:00:23.970000,0 days 01:41:29.225000,0 days 01:42:11.594000,0 days 01:42:35.564000,234.0,251.0,290.0,298.0,True,MEDIUM,2.0,True,Red Bull Racing,0 days 01:40:58.505000,2025-04-13 15:49:12.772,1,17.0,False,,False,True
370,0 days 01:44:11.762000,VER,1,96.167,29.0,3.0,,,0 days 00:00:30.598000,0 days 00:00:41.822000,0 days 00:00:23.747000,0 days 01:43:06.162000,0 days 01:43:47.984000,0 days 01:44:11.731000,235.0,255.0,283.0,330.0,True,MEDIUM,3.0,True,Red Bull Racing,0 days 01:42:35.595000,2025-04-13 15:50:49.862,1,14.0,False,,False,True
371,0 days 01:45:48.456000,VER,1,96.694,30.0,3.0,,,0 days 00:00:31.070000,0 days 00:00:41.837000,0 days 00:00:23.787000,0 days 01:44:42.801000,0 days 01:45:24.638000,0 days 01:45:48.425000,232.0,260.0,285.0,298.0,False,MEDIUM,4.0,True,Red Bull Racing,0 days 01:44:11.762000,2025-04-13 15:52:26.029,1,14.0,False,,False,True
372,0 days 01:47:26.496000,VER,1,98.04,31.0,3.0,,,0 days 00:00:31.048000,0 days 00:00:42.577000,0 days 00:00:24.415000,0 days 01:46:19.473000,0 days 01:47:02.050000,0 days 01:47:26.465000,236.0,256.0,291.0,301.0,False,MEDIUM,5.0,True,Red Bull Racing,0 days 01:45:48.456000,2025-04-13 15:54:02.723,1,14.0,False,,False,True
373,0 days 01:49:30.733000,VER,1,124.237,32.0,3.0,,,0 days 00:00:30.881000,0 days 00:00:59.788000,0 days 00:00:33.568000,0 days 01:47:57.346000,0 days 01:48:57.134000,0 days 01:49:30.702000,184.0,183.0,220.0,322.0,False,MEDIUM,6.0,True,Red Bull Racing,0 days 01:47:26.496000,2025-04-13 15:55:40.763,14,13.0,False,,False,False
374,0 days 01:51:43.184000,VER,1,132.451,33.0,3.0,,,0 days 00:00:40.846000,0 days 00:00:59.731000,0 days 00:00:31.874000,0 days 01:50:11.548000,0 days 01:51:11.279000,0 days 01:51:43.153000,164.0,207.0,232.0,252.0,False,MEDIUM,7.0,True,Red Bull Racing,0 days 01:49:30.733000,2025-04-13 15:57:45.000,4,8.0,False,,False,False
375,0 days 01:53:43.553000,VER,1,120.369,34.0,3.0,,,0 days 00:00:34.503000,0 days 00:00:50.484000,0 days 00:00:35.382000,0 days 01:52:17.656000,0 days 01:53:08.140000,0 days 01:53:43.522000,217.0,158.0,178.0,269.0,False,MEDIUM,8.0,True,Red Bull Racing,0 days 01:51:43.184000,2025-04-13 15:59:57.451,4,8.0,False,,False,False
376,0 days 01:56:02.703000,VER,1,139.15,35.0,3.0,,,0 days 00:00:39.883000,0 days 00:01:00.195000,0 days 00:00:39.072000,0 days 01:54:23.405000,0 days 01:55:23.600000,0 days 01:56:02.672000,187.0,183.0,288.0,226.0,False,MEDIUM,9.0,True,Red Bull Racing,0 days 01:53:43.553000,2025-04-13 16:01:57.820,41,8.0,False,,False,False
377,0 days 01:57:41.325000,VER,1,98.622,36.0,3.0,,,0 days 00:00:31.795000,0 days 00:00:42.704000,0 days 00:00:24.123000,0 days 01:56:34.467000,0 days 01:57:17.171000,0 days 01:57:41.294000,240.0,262.0,284.0,314.0,False,MEDIUM,10.0,True,Red Bull Racing,0 days 01:56:02.703000,2025-04-13 16:04:16.970,1,8.0,False,,False,True
378,0 days 01:59:18.670000,VER,1,97.345,37.0,3.0,,,0 days 00:00:31.027000,0 days 00:00:42.228000,0 days 00:00:24.090000,0 days 01:58:12.321000,0 days 01:58:54.549000,0 days 01:59:18.639000,237.0,261.0,289.0,311.0,False,MEDIUM,11.0,True,Red Bull Racing,0 days 01:57:41.325000,2025-04-13 16:05:55.592,1,8.0,False,,False,True
379,0 days 02:00:54.841000,VER,1,96.171,38.0,3.0,,,0 days 00:00:30.521000,0 days 00:00:41.675000,0 days 00:00:23.975000,0 days 01:59:49.160000,0 days 02:00:30.835000,0 days 02:00:54.810000,235.0,261.0,282.0,331.0,False,MEDIUM,12.0,True,Red Bull Racing,0 days 01:59:18.670000,2025-04-13 16:07:32.937,1,7.0,False,,False,True
380,0 days 02:02:31.511000,VER,1,96.67,39.0,3.0,,,0 days 00:00:30.945000,0 days 00:00:41.913000,0 days 00:00:23.812000,0 days 02:01:25.755000,0 days 02:02:07.668000,0 days 02:02:31.480000,233.0,263.0,283.0,297.0,False,MEDIUM,13.0,True,Red Bull Racing,0 days 02:00:54.841000,2025-04-13 16:09:09.108,1,7.0,False,,False,True
381,0 days 02:04:08.570000,VER,1,97.059,40.0,3.0,,,0 days 00:00:31.130000,0 days 00:00:41.987000,0 days 00:00:23.942000,0 days 02:03:02.610000,0 days 02:03:44.597000,0 days 02:04:08.539000,234.0,264.0,283.0,296.0,False,MEDIUM,14.0,True,Red Bull Racing,0 days 02:02:31.511000,2025-04-13 16:10:45.778,1,7.0,False,,False,True
382,0 days 02:05:45.492000,VER,1,96.922,41.0,3.0,,,0 days 00:00:31.063000,0 days 00:00:41.956000,0 days 00:00:23.903000,0 days 02:04:39.602000,0 days 02:05:21.558000,0 days 02:05:45.461000,233.0,262.0,282.0,298.0,False,MEDIUM,15.0,True,Red Bull Racing,0 days 02:04:08.570000,2025-04-13 16:12:22.837,1,7.0,False,,False,True
383,0 days 02:07:22.655000,VER,1,97.163,42.0,3.0,,,0 days 00:00:31.150000,0 days 00:00:41.941000,0 days 00:00:24.072000,0 days 02:06:16.611000,0 days 02:06:58.552000,0 days 02:07:22.624000,,262.0,283.0,299.0,False,MEDIUM,16.0,True,Red Bull Racing,0 days 02:05:45.492000,2025-04-13 16:13:59.759,1,7.0,False,,False,True
384,0 days 02:08:59.750000,VER,1,97.095,43.0,3.0,,,0 days 00:00:31.133000,0 days 00:00:41.962000,0 days 00:00:24,0 days 02:07:53.757000,0 days 02:08:35.719000,0 days 02:08:59.719000,230.0,260.0,283.0,301.0,False,MEDIUM,17.0,True,Red Bull Racing,0 days 02:07:22.655000,2025-04-13 16:15:36.922,1,7.0,False,,False,True
385,0 days 02:10:36.788000,VER,1,97.038,44.0,3.0,,,0 days 00:00:31.118000,0 days 00:00:41.962000,0 days 00:00:23.958000,0 days 02:09:30.837000,0 days 02:10:12.799000,0 days 02:10:36.757000,233.0,262.0,284.0,,False,MEDIUM,18.0,True,Red Bull Racing,0 days 02:08:59.750000,2025-04-13 16:17:14.017,1,7.0,False,,False,True
386,0 days 02:12:14.173000,VER,1,97.385,45.0,3.0,,,0 days 00:00:31.076000,0 days 00:00:42.169000,0 days 00:00:24.140000,0 days 02:11:07.833000,0 days 02:11:50.002000,0 days 02:12:14.142000,,261.0,284.0,298.0,False,MEDIUM,19.0,True,Red Bull Racing,0 days 02:10:36.788000,2025-04-13 16:18:51.055,1,7.0,True,TRACK LIMITS AT TURN 13 LAP 45 ,False,True
387,0 days 02:13:51.524000,VER,1,97.351,46.0,3.0,,,0 days 00:00:31.246000,0 days 00:00:42.132000,0 days 00:00:23.973000,0 days 02:12:45.388000,0 days 02:13:27.520000,0 days 02:13:51.493000,232.0,263.0,283.0,299.0,False,MEDIUM,20.0,True,Red Bull Racing,0 days 02:12:14.173000,2025-04-13 16:20:28.440,1,7.0,False,,False,True
388,0 days 02:15:28.893000,VER,1,97.369,47.0,3.0,,,0 days 00:00:31.179000,0 days 00:00:42.177000,0 days 00:00:24.013000,0 days 02:14:22.672000,0 days 02:15:04.849000,0 days 02:15:28.862000,,263.0,284.0,301.0,False,MEDIUM,21.0,True,Red Bull Racing,0 days 02:13:51.524000,2025-04-13 16:22:05.791,1,7.0,False,,False,True
389,0 days 02:17:06.377000,VER,1,97.484,48.0,3.0,,,0 days 00:00:31.278000,0 days 00:00:42.139000,0 days 00:00:24.067000,0 days 02:16:00.140000,0 days 02:16:42.279000,0 days 02:17:06.346000,,262.0,285.0,303.0,False,MEDIUM,22.0,True,Red Bull Racing,0 days 02:15:28.893000,2025-04-13 16:23:43.160,1,7.0,True,TRACK LIMITS AT TURN 13 LAP 48 ,False,True
390,0 days 02:18:43.997000,VER,1,97.62,49.0,3.0,,,0 days 00:00:31.408000,0 days 00:00:42.265000,0 days 00:00:23.947000,0 days 02:17:37.754000,0 days 02:18:20.019000,0 days 02:18:43.966000,226.0,266.0,290.0,302.0,False,MEDIUM,23.0,True,Red Bull Racing,0 days 02:17:06.377000,2025-04-13 16:25:20.644,1,7.0,False,,False,True
391,0 days 02:20:21.681000,VER,1,97.684,50.0,3.0,,,0 days 00:00:30.896000,0 days 00:00:42.568000,0 days 00:00:24.220000,0 days 02:19:14.862000,0 days 02:19:57.430000,0 days 02:20:21.650000,231.0,260.0,289.0,324.0,False,MEDIUM,24.0,True,Red Bull Racing,0 days 02:18:43.997000,2025-04-13 16:26:58.264,1,7.0,False,,False,True
392,0 days 02:21:59.756000,VER,1,98.075,51.0,3.0,,,0 days 00:00:31.254000,0 days 00:00:42.744000,0 days 00:00:24.077000,0 days 02:20:52.904000,0 days 02:21:35.648000,0 days 02:21:59.725000,228.0,262.0,290.0,328.0,False,MEDIUM,25.0,True,Red Bull Racing,0 days 02:20:21.681000,2025-04-13 16:28:35.948,1,7.0,False,,False,True
393,0 days 02:23:37.821000,VER,1,98.065,52.0,3.0,,,0 days 00:00:31.022000,0 days 00:00:42.676000,0 days 00:00:24.367000,0 days 02:22:30.747000,0 days 02:23:13.423000,0 days 02:23:37.790000,230.0,262.0,289.0,319.0,False,MEDIUM,26.0,True,Red Bull Racing,0 days 02:21:59.756000,2025-04-13 16:30:14.023,1,7.0,False,,False,True
394,0 days 02:25:16.256000,VER,1,98.435,53.0,3.0,,,0 days 00:00:31.244000,0 days 00:00:43.025000,0 days 00:00:24.166000,0 days 02:24:09.034000,0 days 02:24:52.059000,0 days 02:25:16.225000,,264.0,290.0,328.0,False,MEDIUM,27.0,True,Red Bull Racing,0 days 02:23:37.821000,2025-04-13 16:31:52.088,1,7.0,False,,False,True
395,0 days 02:26:54.654000,VER,1,98.398,54.0,3.0,,,0 days 00:00:31.256000,0 days 00:00:42.903000,0 days 00:00:24.239000,0 days 02:25:47.481000,0 days 02:26:30.384000,0 days 02:26:54.623000,,261.0,290.0,323.0,False,MEDIUM,28.0,True,Red Bull Racing,0 days 02:25:16.256000,2025-04-13 16:33:30.523,1,7.0,False,,False,True
396,0 days 02:28:33.341000,VER,1,98.687,55.0,3.0,,,0 days 00:00:31.348000,0 days 00:00:43.164000,0 days 00:00:24.175000,0 days 02:27:25.971000,0 days 02:28:09.135000,0 days 02:28:33.310000,,262.0,289.0,330.0,False,MEDIUM,29.0,True,Red Bull Racing,0 days 02:26:54.654000,2025-04-13 16:35:08.921,1,7.0,True,TRACK LIMITS AT TURN 4 LAP 55 ,False,True
397,0 days 02:30:11.357000,VER,1,98.016,56.0,3.0,,,0 days 00:00:31.155000,0 days 00:00:42.708000,0 days 00:00:24.153000,0 days 02:29:04.465000,0 days 02:29:47.173000,0 days 02:30:11.326000,231.0,264.0,290.0,,False,MEDIUM,30.0,True,Red Bull Racing,0 days 02:28:33.341000,2025-04-13 16:36:47.608,1,7.0,False,,False,True
398,0 days 02:31:49.019000,VER,1,97.662,57.0,3.0,,,0 days 00:00:31.024000,0 days 00:00:42.504000,0 days 00:00:24.134000,0 days 02:30:42.350000,0 days 02:31:24.854000,0 days 02:31:48.988000,232.0,264.0,283.0,329.0,False,MEDIUM,31.0,True,Red Bull Racing,0 days 02:30:11.357000,2025-04-13 16:38:25.624,1,6.0,False,,False,True
